{"schemaVersion":"1.0","appDefinitionTemplate":{"id":"/providers/Microsoft.PowerApps/apps/","type":"Microsoft.PowerApps/apps","tags":{"primaryDeviceWidth":"1366","primaryDeviceHeight":"768","supportsPortrait":"true","supportsLandscape":"true","primaryFormFactor":"Tablet","publisherVersion":"3.23052.19","minimumRequiredApiVersion":"2.2.0","hasComponent":"false","hasUnlockedComponent":"false","isUnifiedRootApp":"false","sienaVersion":"20230526T144309Z-3.23052.19.0"},"properties":{"appVersion":"2023-05-26T14:43:09Z","lifeCycleId":"Published","createdByClientVersion":{"major":3,"minor":23052,"build":19,"revision":0,"majorRevision":0,"minorRevision":0},"minClientVersion":{"major":3,"minor":23052,"build":19,"revision":0,"majorRevision":0,"minorRevision":0},"backgroundColor":"RGBA(0,176,240,1)","backgroundImageUri":"/14925420555160781105/Ncd700205-4fa3-44cd-823b-ab80c44ba62a-logoSmallFile","displayName":"nwas_callcenter","description":"","commitMessage":"","appUris":{"documentUri":{"value":"/14925420555160781105/Ne2083307-af04-4783-b187-da4d98ab54e1-document.msapp"},"imageUris":[],"additionalUris":[]},"createdTime":"0001-01-01T00:00:00Z","lastModifiedTime":"0001-01-01T00:00:00Z","sharedGroupsCount":0,"sharedUsersCount":0,"connectionReferences":{"db3318cd-41a7-473f-a44f-1c349d079dbf":{"id":"744ce99d-5ac8-425d-8fab-437b2a528ad5","displayName":"Azure Database for MySQL","iconUri":"https://connectoricons-prod.azureedge.net/releases/v1.0.1629/1.0.1629.3253/azuremysql/icon.png","dataSources":["asandlsql.taentity","asandlsql.taentityass","asandlsql.testv2","asandlsql.testv2n","asandlsql.testv2s","asandlsql.testv2ta"],"dependencies":[],"dependents":[],"parameterHints":{},"parameterHintsV2":{},"isOnPremiseConnection":false,"sharedConnectionId":"b767a3b9-1621-4a47-a6e8-eab44e4ea6f1","bypassConsent":false,"dataSets":{"sttmysql.mysql.database.azure.com,asandlsql":{"dataSources":{"asandlsql.taentity":{"tableName":"[asandlsql].[taentity]"},"asandlsql.taentityass":{"tableName":"[asandlsql].[taentityass]"},"asandlsql.testv2":{"tableName":"[asandlsql].[testv2]"},"asandlsql.testv2n":{"tableName":"[asandlsql].[testv2n]"},"asandlsql.testv2s":{"tableName":"[asandlsql].[testv2s]"},"asandlsql.testv2ta":{"tableName":"[asandlsql].[testv2ta]"}}}},"apiTier":"Premium","isCustomApiConnection":false,"authenticationType":"mysqlAuthentication","actions":["providers/PowerPlatform.Governance/Operations/Read"]},"51e6470d-fb0d-4b98-84ed-06d04ec8ee24":{"id":"8ba7d074-7b60-436e-a399-0dd349fa3612","displayName":"Azure Blob Storage","iconUri":"https://connectoricons-prod.azureedge.net/releases/v1.0.1627/1.0.1627.3238/azureblob/icon.png","dataSources":["AzureBlobStorage"],"dependencies":[],"dependents":[],"parameterHints":{},"parameterHintsV2":{},"isOnPremiseConnection":false,"sharedConnectionId":"72d6a977-ffd1-4e23-b25a-8b3458407b71","bypassConsent":false,"dataSets":{},"apiTier":"Premium","isCustomApiConnection":false,"authenticationType":"keyBasedAuth","actions":["CreateFile"],"endpoints":["ttsstoragetest"]}},"databaseReferences":{},"almMode":"Environment","performanceOptimizationEnabled":true,"canConsumeAppPass":true,"enableModernRuntimeMode":false,"executionRestrictions":{"isTeamsOnly":false,"dataLossPreventionEvaluationResult":{"status":"Compliant","lastEvaluationDate":"2023-05-17T07:31:59.3115182Z","violations":[],"violationsByPolicy":[],"violationErrorMessage":"The app uses the following connectors: shared_azuremysql."}}},"appType":"ClassicCanvasApp","appComponents":[]}}